"Decision","SourcePath","ReleasePath","ArchivePath","SizeBytes","SHA256_Source","SHA256_Release","SHA256_Archive","Reason"
"COPIED","Banglish Analysis\banglish_sentiment_pipeline.py","src\banglish\banglish_sentiment_pipeline.py","archive\original_scripts\Banglish Analysis\banglish_sentiment_pipeline.py","23676","CAD769CBA65632880D5D3B42378B5746076D90D8095E33AB59C61E10F519839F","CAD769CBA65632880D5D3B42378B5746076D90D8095E33AB59C61E10F519839F","CAD769CBA65632880D5D3B42378B5746076D90D8095E33AB59C61E10F519839F","In-scope manuscript script (VADER/RoBERTa/Banglish/preprocessing/utility); copied unmodified, renamed for src/ layout; untouched copy kept under archive/original_scripts/. See docs/CODE_CHANGES.md."
"COPIED","Clean data\BRAND_A\brand_a_cleaned_ROBERTA.py","src\preprocessing\brand_a_clean_roberta.py","archive\original_scripts\Clean data\BRAND_A\brand_a_cleaned_ROBERTA.py","916","6617B1E0855852205803A4F8A4856639E320198A857883AB455E4D2A2A69D925","64F0C51F352C3A06FB8421F565C12BFEBDDF37B54055B123E35CC85DFF8D0451","5B7020CF97E381973871FA4377189CD2CB10E5BC579F393973CF6EA71DF9EF22","Modified for this release: see docs/CODE_CHANGES.md, 'Defects repaired' / 'Two more defects found'. Original (source) hash preserved above; archive/ copy is untouched (still matches SHA256_Source)."
"COPIED","Clean data\BRAND_A\brand_a_cleaned_VADER.py","src\preprocessing\brand_a_clean_vader.py","archive\original_scripts\Clean data\BRAND_A\brand_a_cleaned_VADER.py","981","D1A1117DAC537E093F26ADF3680DCF93B9C06959A0A00B99BD8016AE6B14C5D5","3C4FB47EF488A304B39ED78E485AC71F38DB58077F7DD92262F1F178F15A79F1","3C4FB47EF488A304B39ED78E485AC71F38DB58077F7DD92262F1F178F15A79F1","In-scope manuscript script (VADER/RoBERTa/Banglish/preprocessing/utility); copied unmodified, renamed for src/ layout; untouched copy kept under archive/original_scripts/. See docs/CODE_CHANGES.md."
"COPIED","Clean data\BRAND_B\brand_b_bangla.py","src\preprocessing\brand_b_bangla.py","archive\original_scripts\Clean data\BRAND_B\brand_b_bangla.py","660","FAEC10EEFADB588D7DD7F4C0240E81BDAEF14DC54162C0A5F6E02ADB65AE8853","B46AA3C635E43A342F9CB838CCCAF962EF26CB54B441566953A8F9933338F5E6","B46AA3C635E43A342F9CB838CCCAF962EF26CB54B441566953A8F9933338F5E6","In-scope manuscript script (VADER/RoBERTa/Banglish/preprocessing/utility); copied unmodified, renamed for src/ layout; untouched copy kept under archive/original_scripts/. See docs/CODE_CHANGES.md."
"COPIED","Clean data\BRAND_B\brand_b_cleaned_ROBERTA.py","src\preprocessing\brand_b_clean_roberta.py","archive\original_scripts\Clean data\BRAND_B\brand_b_cleaned_ROBERTA.py","916","64A769F98561FE5AE192272C36F62D27B82951419665B49343D499216135D825","D940290AE3436A1777CD31C75DA99E1408CBB1DF3F302F15B0A3319843CDF661","2FA18193D1ED6E0C999BDCEFDA1067BD214D2216196AE6DD7EF16C2514325707","Modified for this release: see docs/CODE_CHANGES.md, 'Defects repaired' / 'Two more defects found'. Original (source) hash preserved above; archive/ copy is untouched (still matches SHA256_Source)."
"COPIED","Clean data\BRAND_B\brand_b_cleaned_VADER.py","src\preprocessing\brand_b_clean_vader.py","archive\original_scripts\Clean data\BRAND_B\brand_b_cleaned_VADER.py","985","64BA7BC2F3C61906380C901BE1A1344B93BDC2CF0EF8EC7F6A3802CE20F1094A","859BD50068F9D7D16E4C915770908C0FCD907880A697F253859A22761B3F9221","FFA297FC268A4BF1F3032DE50C9C9AC40FCE8F129037852CB232BAEF347413DB","Modified for this release: see docs/CODE_CHANGES.md, 'Defects repaired' / 'Two more defects found'. Original (source) hash preserved above; archive/ copy is untouched (still matches SHA256_Source)."
"COPIED","Clean data\BRAND_B\brand_b_translated.py","src\preprocessing\brand_b_translated.py","archive\original_scripts\Clean data\BRAND_B\brand_b_translated.py","686","0A1DDD0D2A711913134CDC926AE64EAF87E2A999A28A93369E2B863BEB30F1CD","1CCEE23B201E46B38A9D5710A38325CFD3521A0CDFA130483839C878671541EF","1CCEE23B201E46B38A9D5710A38325CFD3521A0CDFA130483839C878671541EF","In-scope manuscript script (VADER/RoBERTa/Banglish/preprocessing/utility); copied unmodified, renamed for src/ layout; untouched copy kept under archive/original_scripts/. See docs/CODE_CHANGES.md."
"COPIED","Clean data\BRAND_C\brand_c_cleaned_ROBERTA.py","src\preprocessing\brand_c_clean_roberta.py","archive\original_scripts\Clean data\BRAND_C\brand_c_cleaned_ROBERTA.py","931","2C1D018CAC398718E68354764BC50ED73BB41042966373DC974FA83DF0BEAE5F","22E4ABDFD8202BF004E589EBF42391AF6B6364BDE2E3069E95792A93CD8DE17B","22E4ABDFD8202BF004E589EBF42391AF6B6364BDE2E3069E95792A93CD8DE17B","In-scope manuscript script (VADER/RoBERTa/Banglish/preprocessing/utility); copied unmodified, renamed for src/ layout; untouched copy kept under archive/original_scripts/. See docs/CODE_CHANGES.md."
"COPIED","Clean data\BRAND_C\brand_c_cleaned_VADER.py","src\preprocessing\brand_c_clean_vader.py","archive\original_scripts\Clean data\BRAND_C\brand_c_cleaned_VADER.py","996","A6B3371B1FCACAB9BD06E779B34721557106ED0B36760284B96033D164AB771D","DE5D89CE637192CD74C8D0563702720353B9F89C3F079C9A21E3C49DC168F436","DE5D89CE637192CD74C8D0563702720353B9F89C3F079C9A21E3C49DC168F436","In-scope manuscript script (VADER/RoBERTa/Banglish/preprocessing/utility); copied unmodified, renamed for src/ layout; untouched copy kept under archive/original_scripts/. See docs/CODE_CHANGES.md."
"COPIED","Clean data\BRAND_C\brand_c_translated.py","src\preprocessing\brand_c_translated.py","archive\original_scripts\Clean data\BRAND_C\brand_c_translated.py","689","9B2D6A7557486EE9219F856798FB4AEF9273AC3E4D137E686B5C94C9B0696DD4","47535E26E1E7CB184225A8BFB51C60D6AE317D6B73A2ADCD376B39A154ECA4A6","47535E26E1E7CB184225A8BFB51C60D6AE317D6B73A2ADCD376B39A154ECA4A6","In-scope manuscript script (VADER/RoBERTa/Banglish/preprocessing/utility); copied unmodified, renamed for src/ layout; untouched copy kept under archive/original_scripts/. See docs/CODE_CHANGES.md."
"COPIED","Clean data\BRAND_D\brand_d_bangla.py","src\preprocessing\brand_d_bangla.py","archive\original_scripts\Clean data\BRAND_D\brand_d_bangla.py","666","3218BACF6674FE3237170BB1ED7CACAB74E8DFDFD577485CD8DB073FF84CE984","9F40146BF768E25E8DC807CCCB76375C165F82D88369C952490CFAE67C48E14F","9F40146BF768E25E8DC807CCCB76375C165F82D88369C952490CFAE67C48E14F","In-scope manuscript script (VADER/RoBERTa/Banglish/preprocessing/utility); copied unmodified, renamed for src/ layout; untouched copy kept under archive/original_scripts/. See docs/CODE_CHANGES.md."
"COPIED","Clean data\BRAND_D\brand_d_cleaning_ROBERTA.py","src\preprocessing\brand_d_clean_roberta.py","archive\original_scripts\Clean data\BRAND_D\brand_d_cleaning_ROBERTA.py","931","324932ED6E23068AF7D104A608F7AD95F250D4B681B0F910DC6CA700D3496905","620BE152CC7ADA322B7C36DD39DE5BA8CFED72298FDC33283A7F7D8E229E7A76","6A77EE3FC9D1303A2D1BA3FA0857A94682028EE10C17188D8F7543B9950C8F63","Modified for this release: see docs/CODE_CHANGES.md, 'Defects repaired' / 'Two more defects found'. Original (source) hash preserved above; archive/ copy is untouched (still matches SHA256_Source)."
"COPIED","Clean data\BRAND_D\brand_d_cleaning_VADER.py","src\preprocessing\brand_d_clean_vader.py","archive\original_scripts\Clean data\BRAND_D\brand_d_cleaning_VADER.py","1000","E0C31157B1853670E296D32B3C0845A5A445E1B04C438D4CEEB8D721F63CA1CD","B7E50E57A00D8DBE2585CCC4B16140DEB8E0455C5C5CBC7D9C21C1B040E1F8B8","502F9F3B223C30FBBC3077CBFD322023BF453CB6BD52E999FA0E0FF0D8280220","Modified for this release: see docs/CODE_CHANGES.md, 'Defects repaired' / 'Two more defects found'. Original (source) hash preserved above; archive/ copy is untouched (still matches SHA256_Source)."
"COPIED","Clean data\BRAND_D\brand_d_translated.py","src\preprocessing\brand_d_translated.py","archive\original_scripts\Clean data\BRAND_D\brand_d_translated.py","689","CCC3ED44E35934EEBA32915244CE6F7B5ACF7FC6B0F8C436E9FD7BC37A2ADA04","727CA3823A8C0A60CB761D924A02EDE5843279780FBF6A82B9815BC1729CCB32","727CA3823A8C0A60CB761D924A02EDE5843279780FBF6A82B9815BC1729CCB32","In-scope manuscript script (VADER/RoBERTa/Banglish/preprocessing/utility); copied unmodified, renamed for src/ layout; untouched copy kept under archive/original_scripts/. See docs/CODE_CHANGES.md."
"COPIED","Clean data\BRAND_E\brand_e_bangla.py","src\preprocessing\brand_e_bangla.py","archive\original_scripts\Clean data\BRAND_E\brand_e_bangla.py","666","A842DCE48CEDF4FA0A41C3C69407B26AD616D25FE450BBC683131F11230A3021","02080C2A429E4499BF1002C334F0A867A5703EBB31CF96FD08D0F5615A1B193D","02080C2A429E4499BF1002C334F0A867A5703EBB31CF96FD08D0F5615A1B193D","In-scope manuscript script (VADER/RoBERTa/Banglish/preprocessing/utility); copied unmodified, renamed for src/ layout; untouched copy kept under archive/original_scripts/. See docs/CODE_CHANGES.md."
"COPIED","Clean data\BRAND_E\brand_e_cleaning_ROBERTA.py","src\preprocessing\brand_e_clean_roberta.py","archive\original_scripts\Clean data\BRAND_E\brand_e_cleaning_ROBERTA.py","931","54BBCD14CC4826A94AF66A748F84EE61ACA47F0991CE53A4676DEE94CF02C52B","3CA617105D24EF7DD62FA6BC3F9D4BE9BDC2CFAE1E28EA0B0B2930EA1CC0D04E","3CA617105D24EF7DD62FA6BC3F9D4BE9BDC2CFAE1E28EA0B0B2930EA1CC0D04E","In-scope manuscript script (VADER/RoBERTa/Banglish/preprocessing/utility); copied unmodified, renamed for src/ layout; untouched copy kept under archive/original_scripts/. See docs/CODE_CHANGES.md."
"COPIED","Clean data\BRAND_E\brand_e_cleaned_VADER.py","src\preprocessing\brand_e_clean_vader.py","archive\original_scripts\Clean data\BRAND_E\brand_e_cleaned_VADER.py","996","4BF6240B72B3362888C81104C08D43EABFF7AF9798255BC3D7CB405E118D6D5F","9A2BD897AFF6CEADC66AD00DACECFC675E57391EBC1C90FCC63C96D06A2EA40B","9A2BD897AFF6CEADC66AD00DACECFC675E57391EBC1C90FCC63C96D06A2EA40B","In-scope manuscript script (VADER/RoBERTa/Banglish/preprocessing/utility); copied unmodified, renamed for src/ layout; untouched copy kept under archive/original_scripts/. See docs/CODE_CHANGES.md."
"COPIED","Clean data\BRAND_E\brand_e_translated.py","src\preprocessing\brand_e_translated.py","archive\original_scripts\Clean data\BRAND_E\brand_e_translated.py","689","CCFF670BA86CB46FA8DCF3397BF8A0388FF275F77751A7E05C9C18BCE53B039C","FDDBD61995F794E1471851F883EEE6B833FBC35B4ED5ED148C810CA0EEDCE78F","FDDBD61995F794E1471851F883EEE6B833FBC35B4ED5ED148C810CA0EEDCE78F","In-scope manuscript script (VADER/RoBERTa/Banglish/preprocessing/utility); copied unmodified, renamed for src/ layout; untouched copy kept under archive/original_scripts/. See docs/CODE_CHANGES.md."
"COPIED","BRAND_A(ROBERTA)\roberta.py","src\roberta\brand_a_roberta.py","archive\original_scripts\BRAND_A(ROBERTA)\roberta.py","1958","F1A4B326DBF550B946D4727CDC272C7EE08F7781A95F79199E4F053DC704B692","5A13663D683DD1376BD7E7CA7668BE0FE2C53D73549BF71E3A752FE10283A979","5A13663D683DD1376BD7E7CA7668BE0FE2C53D73549BF71E3A752FE10283A979","In-scope manuscript script (VADER/RoBERTa/Banglish/preprocessing/utility); copied unmodified, renamed for src/ layout; untouched copy kept under archive/original_scripts/. See docs/CODE_CHANGES.md."
"COPIED","BRAND_B(ROBERTA)\roberta.py","src\roberta\brand_b_roberta.py","archive\original_scripts\BRAND_B(ROBERTA)\roberta.py","1958","A4A152E4BD75BAE70E713E9CE11CFB07311A66A42C53753B7D326507A2381F57","83A6398F2BBCD1D6F543D1203B867480CBD7B1EB38B5D7B55CE5D2CE2BC72B41","83A6398F2BBCD1D6F543D1203B867480CBD7B1EB38B5D7B55CE5D2CE2BC72B41","In-scope manuscript script (VADER/RoBERTa/Banglish/preprocessing/utility); copied unmodified, renamed for src/ layout; untouched copy kept under archive/original_scripts/. See docs/CODE_CHANGES.md."
"COPIED","BRAND_C(ROBERTA)\roberta.py","src\roberta\brand_c_roberta.py","archive\original_scripts\BRAND_C(ROBERTA)\roberta.py","1958","1D25B0DF760AE16F75CBC022E74EB468A00557C88B27247DB0F000883668F688","7E5123B531709ABBEEC010ACDEF320B908FEF036A4206871CA6E89AA475F4372","7E5123B531709ABBEEC010ACDEF320B908FEF036A4206871CA6E89AA475F4372","In-scope manuscript script (VADER/RoBERTa/Banglish/preprocessing/utility); copied unmodified, renamed for src/ layout; untouched copy kept under archive/original_scripts/. See docs/CODE_CHANGES.md."
"COPIED","ROBERTA (BRAND_D)\roberta.py","src\roberta\brand_d_roberta.py","archive\original_scripts\ROBERTA (BRAND_D)\roberta.py","1958","83E1BA7D80C11BDD5A1872FAE113E6CF176FFE3C98143290EC1375E29A7CFFF4","CE70B1A55921F5D7E0DF9CE73652014186292BDCAF940F174F3D11BA0BE3249F","15FC3EB8B43BE94ADAB4991D795320F0C4E56DDC3D573270E181B1A8FC49889F","Modified for this release: see docs/CODE_CHANGES.md, 'Defects repaired' / 'Two more defects found'. Original (source) hash preserved above; archive/ copy is untouched (still matches SHA256_Source)."
"COPIED","BRAND_E(ROBERTA)\roberta.py","src\roberta\brand_e_roberta.py","archive\original_scripts\BRAND_E(ROBERTA)\roberta.py","1958","C23B3F7FA546BF34E74BE1877FCA7CCA70DE165EB3623970B4E382E79E6C47E8","F5245DCE6EA623B90625EC02226FE7CB086627EC1FC847266D59CA457AEF8036","F5245DCE6EA623B90625EC02226FE7CB086627EC1FC847266D59CA457AEF8036","In-scope manuscript script (VADER/RoBERTa/Banglish/preprocessing/utility); copied unmodified, renamed for src/ layout; untouched copy kept under archive/original_scripts/. See docs/CODE_CHANGES.md."
"COPIED","BRAND_A(ROBERTA)\CSV_to_excel.py","src\utilities\brand_a_csv_to_excel.py","archive\original_scripts\BRAND_A(ROBERTA)\CSV_to_excel.py","257","C8B3DA01FD2BA9DF89ABC64C298F1D8EBDC07AD9E93FDF9316F5BE2EA3A180B0","487E6B6AC43CE473F0CB29577F77319D03CF32D3CA0AAE0885E67A2B53F0D320","487E6B6AC43CE473F0CB29577F77319D03CF32D3CA0AAE0885E67A2B53F0D320","In-scope manuscript script (VADER/RoBERTa/Banglish/preprocessing/utility); copied unmodified, renamed for src/ layout; untouched copy kept under archive/original_scripts/. See docs/CODE_CHANGES.md."
"COPIED","BRAND_B(ROBERTA)\CSV_to_excel.py","src\utilities\brand_b_csv_to_excel.py","archive\original_scripts\BRAND_B(ROBERTA)\CSV_to_excel.py","263","17384283F357270C46FA8D1FA2AC1FD61356BF6AE695ACA034B10F8FC379743D","8748F4CD563418D2F15A294E88BDD40C87F4B4F4A479F076D3F9F1E19F4FEB1E","8748F4CD563418D2F15A294E88BDD40C87F4B4F4A479F076D3F9F1E19F4FEB1E","In-scope manuscript script (VADER/RoBERTa/Banglish/preprocessing/utility); copied unmodified, renamed for src/ layout; untouched copy kept under archive/original_scripts/. See docs/CODE_CHANGES.md."
"COPIED","BRAND_C(ROBERTA)\CSV_to_excel.py","src\utilities\brand_c_csv_to_excel.py","archive\original_scripts\BRAND_C(ROBERTA)\CSV_to_excel.py","257","E1FEC29AA50C0DCB061458A9EB6FFA1879E766C78DDD6A4C8D1E3DB41E4AA9C0","64852E575533B5F13F396C547D1AA12CC54CAF10A3D174DB76FD89571EF4EC6A","64852E575533B5F13F396C547D1AA12CC54CAF10A3D174DB76FD89571EF4EC6A","In-scope manuscript script (VADER/RoBERTa/Banglish/preprocessing/utility); copied unmodified, renamed for src/ layout; untouched copy kept under archive/original_scripts/. See docs/CODE_CHANGES.md."
"COPIED","ROBERTA (BRAND_D)\CSV_to_excel.py","src\utilities\brand_d_csv_to_excel.py","archive\original_scripts\ROBERTA (BRAND_D)\CSV_to_excel.py","251","DFFE141C62C15A8EEAFCFC9D91D4606BB5AD8DB05AC257294A1CD168D0CC856E","146C017FCB2AF01E32D978E37957589AC0F372891EB4E79354861EB66A336B20","146C017FCB2AF01E32D978E37957589AC0F372891EB4E79354861EB66A336B20","In-scope manuscript script (VADER/RoBERTa/Banglish/preprocessing/utility); copied unmodified, renamed for src/ layout; untouched copy kept under archive/original_scripts/. See docs/CODE_CHANGES.md."
"COPIED","BRAND_C(VADER)\excel_to_CSV.py","src\utilities\brand_d_excel_to_csv.py","archive\original_scripts\BRAND_C(VADER)\excel_to_CSV.py","112","E3433DB988879E2E80CACBB0F920F2E6D2E7DABE9274CCA94DF80FEDF2BC7B25","182C593CC06B84535E8115C65F28CC4BA81199E1716B7E3EBBEF223518F40BE3","182C593CC06B84535E8115C65F28CC4BA81199E1716B7E3EBBEF223518F40BE3","In-scope manuscript script (VADER/RoBERTa/Banglish/preprocessing/utility); copied unmodified, renamed for src/ layout; untouched copy kept under archive/original_scripts/. See docs/CODE_CHANGES.md."
"COPIED","BRAND_E(ROBERTA)\CSV_to_excel.py","src\utilities\brand_e_csv_to_excel.py","archive\original_scripts\BRAND_E(ROBERTA)\CSV_to_excel.py","257","83A9B98E6FC7C7F96D4D9D2A05B38411B7C45D33B8D056A353242C5DA97D4A1B","1249C0D95C074708622272237F1E107001C6E16ABD2A09769B55EAF09C511E6F","1249C0D95C074708622272237F1E107001C6E16ABD2A09769B55EAF09C511E6F","In-scope manuscript script (VADER/RoBERTa/Banglish/preprocessing/utility); copied unmodified, renamed for src/ layout; untouched copy kept under archive/original_scripts/. See docs/CODE_CHANGES.md."
"COPIED","BRAND_A(VADER)\vader.py","src\vader\brand_a_vader.py","archive\original_scripts\BRAND_A(VADER)\vader.py","1459","3D4572AF4A4D1C3FC012A2B1BE83660B34CEFB04F38FF72976EBF7307CB53621","A60F55F8F664B8E61EE9F2B45C6EE2A930E6BFA5DCCE21B0C581159A1E8883B4","A60F55F8F664B8E61EE9F2B45C6EE2A930E6BFA5DCCE21B0C581159A1E8883B4","In-scope manuscript script (VADER/RoBERTa/Banglish/preprocessing/utility); copied unmodified, renamed for src/ layout; untouched copy kept under archive/original_scripts/. See docs/CODE_CHANGES.md."
"COPIED","BRAND_B(VADER)\vader.py","src\vader\brand_b_vader.py","archive\original_scripts\BRAND_B(VADER)\vader.py","1461","F607F3A9B0A1650AC4FB41F07962E0F15C656868FDF245E83C40E871C7BF918C","28AD2E5209ECA8B804FABB2711280CF0B92ADFB3BD4965B5907DC36F5217E81B","28AD2E5209ECA8B804FABB2711280CF0B92ADFB3BD4965B5907DC36F5217E81B","In-scope manuscript script (VADER/RoBERTa/Banglish/preprocessing/utility); copied unmodified, renamed for src/ layout; untouched copy kept under archive/original_scripts/. See docs/CODE_CHANGES.md."
"COPIED","BRAND_C(VADER)\vader.py","src\vader\brand_c_vader.py","archive\original_scripts\BRAND_C(VADER)\vader.py","1457","E64246994969F76DB4E59FC81242E26251AE7C31939114282E54C8C292EB88B7","8F1234E63CDA214775B13C87BE48294E2523451E7DCD780E9990AB9BF99AE855","8F1234E63CDA214775B13C87BE48294E2523451E7DCD780E9990AB9BF99AE855","In-scope manuscript script (VADER/RoBERTa/Banglish/preprocessing/utility); copied unmodified, renamed for src/ layout; untouched copy kept under archive/original_scripts/. See docs/CODE_CHANGES.md."
"COPIED","VADER (BRAND_D)\vader.py","src\vader\brand_d_vader.py","archive\original_scripts\VADER (BRAND_D)\vader.py","1462","AFFDEB5CD6FFD912D64278491C0ECE1BA1BB2134290E956EFD01B96C6C7ADD27","1243E7C4B8BEFBD2C847BBF9D5A4927BC09D30547446C61D99B86D7C3799C748","1243E7C4B8BEFBD2C847BBF9D5A4927BC09D30547446C61D99B86D7C3799C748","In-scope manuscript script (VADER/RoBERTa/Banglish/preprocessing/utility); copied unmodified, renamed for src/ layout; untouched copy kept under archive/original_scripts/. See docs/CODE_CHANGES.md."
"COPIED","BRAND_E(VADER)\vader.py","src\vader\brand_e_vader.py","archive\original_scripts\BRAND_E(VADER)\vader.py","1459","2B231FA2C5B3DDE4629C3DF8B5B184731808E55CC3DBCCAA5F3DFC05D6598C94","399DCE025F37FB7C988D890EF79D6E69F32B1E8E7A642DF6E1E93AC4C911422F","399DCE025F37FB7C988D890EF79D6E69F32B1E8E7A642DF6E1E93AC4C911422F","In-scope manuscript script (VADER/RoBERTa/Banglish/preprocessing/utility); copied unmodified, renamed for src/ layout; untouched copy kept under archive/original_scripts/. See docs/CODE_CHANGES.md."
"EXCLUDED","BRAND_A(ROBERTA)\brand_a_ROBERTA.xlsx","","","270239","8ACA1202646ED2E309887C41301E891F31B581F812DEC1C0B8480DE4F984B10B","","","EXCLUDE (HOLD_FOR_PRIVACY_REVIEW): scored output retains reviewer name + raw review text alongside model scores."
"EXCLUDED","BRAND_A(ROBERTA)\brand_a_cleaned_ROBERTA.csv","","","279169","73F22739228E4AAAB1DC23221C1141C775F66B8D0C80C2FA643B0853C1063656","","","EXCLUDE (HOLD_FOR_PRIVACY_REVIEW / HOLD_FOR_ZENODO_AND_RIGHTS_REVIEW): row-level review data with reviewer name + raw review text (and, for raw files, a per-review URL). See data/README.md."
"EXCLUDED","BRAND_A(ROBERTA)\brand_a_roberta_final.csv","","","394375","7D66262EBC65EB5DA01B3B5CC81EAC922C20C75381F26DB2E52860C6C78917D2","","","EXCLUDE (HOLD_FOR_PRIVACY_REVIEW): scored output retains reviewer name + raw review text alongside model scores."
"EXCLUDED","BRAND_A(ROBERTA)\score vs stars.png","","","24927","3154554557052E6A17719A21F5968DFE072E0C4C1B6A49F0099843E649D1B228","","","Excluded: this release ships no results/figures or results/tables at all, by policy -- see results/README.md and RELEASE_NOTES.md."
"EXCLUDED","BRAND_A(VADER)\brand_a_VADER.xlsx","","","219467","F3AC58345DC1EF74DC337C919852BF1A5DE0626D8AC83CE353E940EFDAA19F9B","","","EXCLUDE (HOLD_FOR_PRIVACY_REVIEW): scored output retains reviewer name + raw review text alongside model scores."
"EXCLUDED","BRAND_A(VADER)\brand_a_cleaned_VADER","","","269330","675BDCD25BAF7DB13DBCCD21B237DBEA489A1979FFC5D770BC2EB8BCCE705BF2","","","EXCLUDE (HOLD_FOR_PRIVACY_REVIEW / HOLD_FOR_ZENODO_AND_RIGHTS_REVIEW): row-level review data with reviewer name + raw review text (and, for raw files, a per-review URL). See data/README.md."
"EXCLUDED","BRAND_A(VADER)\brand_a_sentiment_output.csv","","","332198","3B20CFC824A6AFBBBFED8E7E18717DB90F18D021C01AF2A3DD2633E60C395D01","","","EXCLUDE (HOLD_FOR_PRIVACY_REVIEW): scored output retains reviewer name + raw review text alongside model scores."
"EXCLUDED","BRAND_A(VADER)\consumer vs star.png","","","19991","7A82106546B407A97819CF6CD460E9EF413AD7909BB438085E37D2A6B057CDD3","","","Excluded: this release ships no results/figures or results/tables at all, by policy -- see results/README.md and RELEASE_NOTES.md."
"EXCLUDED","BRAND_A(VADER)\score vs star.png","","","20103","92B33520C4CED7422686E448708A67475AFD91238AFE5CA907307A3DA6A25084","","","Excluded: this release ships no results/figures or results/tables at all, by policy -- see results/README.md and RELEASE_NOTES.md."
"EXCLUDED","BRAND_B(ROBERTA)\brand_b_ROBERTA_final.xlsx","","","309335","31F8963055890344C2BE5313FD37D710D35526FF78BA883286AF66A739A8EC10","","","EXCLUDE (HOLD_FOR_PRIVACY_REVIEW): scored output retains reviewer name + raw review text alongside model scores."
"EXCLUDED","BRAND_B(ROBERTA)\brand_b_cleaned_ROBERTA.csv","","","372955","CA7CD5533145CDDC277001081199D4841D3A5C02259020EE75510052712B8139","","","EXCLUDE (HOLD_FOR_PRIVACY_REVIEW / HOLD_FOR_ZENODO_AND_RIGHTS_REVIEW): row-level review data with reviewer name + raw review text (and, for raw files, a per-review URL). See data/README.md."
"EXCLUDED","BRAND_B(ROBERTA)\brand_b_roberta_final.csv","","","488088","88D11F3A20061BEF277E420FFA80A1080A0B67EC50F1CDB59BE7B707FE90A39B","","","EXCLUDE (HOLD_FOR_PRIVACY_REVIEW): scored output retains reviewer name + raw review text alongside model scores."
"EXCLUDED","BRAND_B(ROBERTA)\score vs stars.png","","","24832","06BC9A74D0EEFB95169AC2A9C832607C8F2AC6B49DBB73B6AEAD7D3C583B545E","","","Excluded: this release ships no results/figures or results/tables at all, by policy -- see results/README.md and RELEASE_NOTES.md."
"EXCLUDED","BRAND_B(VADER)\brand_b_VADER.xlsx","","","253484","B18A3C5836DEE08E789923D2B8FA374C2FB06FFC2ABF62DEBF13BFE2D72EC96E","","","EXCLUDE (HOLD_FOR_PRIVACY_REVIEW): scored output retains reviewer name + raw review text alongside model scores."
"EXCLUDED","BRAND_B(VADER)\brand_b_cleaned_VADER.csv","","","356048","D2757529C948F3AAD09548E56C325F1338218486FE2C35E8644DD59912EAABAB","","","EXCLUDE (HOLD_FOR_PRIVACY_REVIEW / HOLD_FOR_ZENODO_AND_RIGHTS_REVIEW): row-level review data with reviewer name + raw review text (and, for raw files, a per-review URL). See data/README.md."
"EXCLUDED","BRAND_B(VADER)\consumer vs star.png","","","19018","FAAB408C549934FCC621683AC880731E009FC0C9F067727B825A38F9914BECB1","","","Excluded: this release ships no results/figures or results/tables at all, by policy -- see results/README.md and RELEASE_NOTES.md."
"EXCLUDED","BRAND_B(VADER)\final_sentiment_output.csv","","","419396","0481CCAD5E88CEFB238755D5B2E04FDB559B97594BD9C107F76F8AA3B4AF8737","","","EXCLUDE (HOLD_FOR_PRIVACY_REVIEW): scored output retains reviewer name + raw review text alongside model scores."
"EXCLUDED","BRAND_B(VADER)\score vs star.png","","","20154","85BD234DA44F1AEFC7D6988ED7CDAC9FEB8A4B16F613E19035F0264FA2D4B2F8","","","Excluded: this release ships no results/figures or results/tables at all, by policy -- see results/README.md and RELEASE_NOTES.md."
"EXCLUDED","BRAND_C(ROBERTA)\brand_c_ROBERTA.xlsx","","","312518","3EAC852819A525BBDB6AF86593EACCEAC4620B3BF4DD27381F2E5BA641BB69EA","","","EXCLUDE (HOLD_FOR_PRIVACY_REVIEW): scored output retains reviewer name + raw review text alongside model scores."
"EXCLUDED","BRAND_C(ROBERTA)\brand_c_cleaned_ROBERTA.csv","","","316280","7DDA7389398EADAEA9883661DA24C8D3ADFB8A6233EE0EB11A17A500F6EA5F86","","","EXCLUDE (HOLD_FOR_PRIVACY_REVIEW / HOLD_FOR_ZENODO_AND_RIGHTS_REVIEW): row-level review data with reviewer name + raw review text (and, for raw files, a per-review URL). See data/README.md."
"EXCLUDED","BRAND_C(ROBERTA)\brand_c_roberta_final.csv","","","427146","CFBE79466F5D65E89CF8CA56893B9956881DD54C96717B9BBBAE1CFC5E13302F","","","EXCLUDE (HOLD_FOR_PRIVACY_REVIEW): scored output retains reviewer name + raw review text alongside model scores."
"EXCLUDED","BRAND_C(ROBERTA)\score vs stars.png","","","24791","42AC9E20F33A1AFB520604C198E75A98EF0B372E5F9B7A1506A15EC60D06A304","","","Excluded: this release ships no results/figures or results/tables at all, by policy -- see results/README.md and RELEASE_NOTES.md."
"EXCLUDED","BRAND_C(VADER)\brand_c_VADER.xlsx","","","252817","E13C8F02E0BD431915A5F2E6CAE929F3621139F349109D33F66CD7545EE9C4B6","","","EXCLUDE (HOLD_FOR_PRIVACY_REVIEW): scored output retains reviewer name + raw review text alongside model scores."
"EXCLUDED","BRAND_C(VADER)\brand_c_cleaned_VADER","","","303878","883BD8A2866F319B4001ADA463DA63671ECB60DCDFB0CC6EC606510F2C966026","","","EXCLUDE (HOLD_FOR_PRIVACY_REVIEW / HOLD_FOR_ZENODO_AND_RIGHTS_REVIEW): row-level review data with reviewer name + raw review text (and, for raw files, a per-review URL). See data/README.md."
"EXCLUDED","BRAND_C(VADER)\compound vs stars.png","","","20115","AF96090986AAB3A77FE8CA28DA2993CC415F1C3D72C98FF38232175067DF5FFB","","","Excluded: this release ships no results/figures or results/tables at all, by policy -- see results/README.md and RELEASE_NOTES.md."
"EXCLUDED","BRAND_C(VADER)\stars vs consumer.png","","","20888","DDB0575FF3E5984E382CD6B9CBFC2D8AA9785B0B55B8B34875B872FD20B7E82C","","","Excluded: this release ships no results/figures or results/tables at all, by policy -- see results/README.md and RELEASE_NOTES.md."
"EXCLUDED","BRAND_E(ROBERTA)\Stars vs score.png","","","24754","AE2CD88F1775D93880724C6272D50C37EBB7DFA5CBA3707E3704CCFCFDF5960D","","","Excluded: this release ships no results/figures or results/tables at all, by policy -- see results/README.md and RELEASE_NOTES.md."
"EXCLUDED","BRAND_E(ROBERTA)\brand_e_ROBERTA.xlsx","","","366042","D78C51FC93B3479A348F51952E4D8478443F2B57227237ACF669E93944F1B9C0","","","EXCLUDE (HOLD_FOR_PRIVACY_REVIEW): scored output retains reviewer name + raw review text alongside model scores."
"EXCLUDED","BRAND_E(ROBERTA)\brand_e_cleaned_ROBERTA.csv","","","373914","DBC706F96E35FA638459B6EED3B566D9271920A40F9157F3B8FA886FF3A32E7F","","","EXCLUDE (HOLD_FOR_PRIVACY_REVIEW / HOLD_FOR_ZENODO_AND_RIGHTS_REVIEW): row-level review data with reviewer name + raw review text (and, for raw files, a per-review URL). See data/README.md."
"EXCLUDED","BRAND_E(ROBERTA)\brand_e_roberta_final.csv","","","504371","0FD85FC72CB7F7A5C96C7B5D5A20E67C6BB862769B37E2F06338520928686B92","","","EXCLUDE (HOLD_FOR_PRIVACY_REVIEW): scored output retains reviewer name + raw review text alongside model scores."
"EXCLUDED","BRAND_E(VADER)\brand_e_VADER.xlsx","","","253458","371BE2F4889DECB7988713B81B6DD01A658676DF7E1CD287CE783CEBD9068EAE","","","EXCLUDE (HOLD_FOR_PRIVACY_REVIEW): scored output retains reviewer name + raw review text alongside model scores."
"EXCLUDED","BRAND_E(VADER)\brand_e_cleaned_VADER","","","358878","C7DED6F447452FEA8B908A80ADC2B0DE4857D1CCC1AD62D71F64ED55038EEEAD","","","EXCLUDE (HOLD_FOR_PRIVACY_REVIEW / HOLD_FOR_ZENODO_AND_RIGHTS_REVIEW): row-level review data with reviewer name + raw review text (and, for raw files, a per-review URL). See data/README.md."
"EXCLUDED","BRAND_E(VADER)\compound  score   vs  star.png","","","20179","DB63CDA7EE815C90E6E0E35AE3058AE3E3FC10164C5E80BADC6C5E61DFC6DA7A","","","Excluded: this release ships no results/figures or results/tables at all, by policy -- see results/README.md and RELEASE_NOTES.md."
"EXCLUDED","BRAND_E(VADER)\count of  reviews by  stars.png","","","20904","7DDF37B9DB3537A09473AAC3B5224B9F6F18B48528298CF4248165FE8D1A2766","","","Excluded: this release ships no results/figures or results/tables at all, by policy -- see results/README.md and RELEASE_NOTES.md."
"EXCLUDED","BRAND_E(VADER)\final_sentiment_output.csv","","","430715","E898157B35776F1E0AEA3DB36799529CE3834571A712B0ACB98EAB5849E0D7E1","","","EXCLUDE (HOLD_FOR_PRIVACY_REVIEW): scored output retains reviewer name + raw review text alongside model scores."
"EXCLUDED","Banglish Analysis\Real reviews 01.csv","","","10641","7BBA5337DC1AAE906247796FF34C7B80F6D47A64B8D85951E2995AABDBA405F8","","","EXCLUDE (HOLD_FOR_PRIVACY_REVIEW): row-level review data with reviewer name + raw review text. See data/README.md. (The script that consumes this data, banglish_sentiment_pipeline.py, IS included in src/banglish/.)"
"EXCLUDED","Banglish Analysis\Real reviews 02.csv","","","6997","26717F78C23BC53DEC9BA8EDE8E8446DE736F4ACF8E1B9C9A4DA6854602AD600","","","EXCLUDE (HOLD_FOR_PRIVACY_REVIEW): row-level review data with reviewer name + raw review text. See data/README.md. (The script that consumes this data, banglish_sentiment_pipeline.py, IS included in src/banglish/.)"
"EXCLUDED","Banglish Analysis\Real reviews 03.csv","","","5224","7851C0C69DB0CF7782939E01F0DD8778A004E74137C5BA05810F59CE542452E0","","","EXCLUDE (HOLD_FOR_PRIVACY_REVIEW): row-level review data with reviewer name + raw review text. See data/README.md. (The script that consumes this data, banglish_sentiment_pipeline.py, IS included in src/banglish/.)"
"EXCLUDED","Banglish Analysis\banglish_dataset_final.csv","","","79936","517489B4216951797BD889D77807FD6C98555DC082E469040E1EA93D1B2CF1B6","","","EXCLUDE (HOLD_FOR_PRIVACY_REVIEW): row-level review data with reviewer name + raw review text. See data/README.md. (The script that consumes this data, banglish_sentiment_pipeline.py, IS included in src/banglish/.)"
"EXCLUDED","Banglish Analysis\banglish_sentiment_scored_v2.csv","","","134221","65510F5C6AEFA3B23A399E9AFF4EBD34BE7534B5658AA3D941B75A66FABBDFA1","","","EXCLUDE (HOLD_FOR_PRIVACY_REVIEW): row-level review data with reviewer name + raw review text. See data/README.md. (The script that consumes this data, banglish_sentiment_pipeline.py, IS included in src/banglish/.)"
"EXCLUDED","Banglish Analysis\banglish_sentiment_scored_v2.xlsx","","","97021","B17B29C03C90DB1201F356BF7D2E57C647E39D7B87750E7D4EF1F303D33F30D0","","","EXCLUDE (HOLD_FOR_PRIVACY_REVIEW): row-level review data with reviewer name + raw review text. See data/README.md. (The script that consumes this data, banglish_sentiment_pipeline.py, IS included in src/banglish/.)"
"EXCLUDED","Banglish Analysis\confusion_matrix_validation_v2.png","","","36126","D05AF9E8F73598760C9E23DC690DE6F143F5E1906E5D9C727A81A2659CEAC14B","","","Excluded: this release ships no results/figures or results/tables at all, by policy -- see results/README.md and RELEASE_NOTES.md."
"EXCLUDED","Banglish Analysis\csv_to_excel.py","","","0","E3B0C44298FC1C149AFBF4C8996FB92427AE41E4649B934CA495991B7852B855","","","EXCLUDE: zero-byte dead script."
"EXCLUDED","Banglish Analysis\training_curve_v2.png","","","70854","98FA172D4D8CD4BEB9A51BAA834EDB42AC1247C5096B2C73D70C847080DD3B79","","","Excluded: this release ships no results/figures or results/tables at all, by policy -- see results/README.md and RELEASE_NOTES.md."
"EXCLUDED","Banglish Analysis\training_metrics_v2.json","","","785","1FD25CD506D5D271C66E8ED128802F147A8213098F47DF7426065FCBE880C199","","","Excluded: this release ships no results/figures or results/tables at all, by policy -- see results/README.md and RELEASE_NOTES.md."
"EXCLUDED","Base Paper.pdf","","","4888620","C9BE88BB6C60C28C2F59859AE68976D5004CCEB6DA309F8C9C3D2CF7AF69CD03","","","EXCLUDE: external reference/literature PDF, not team-authored; copyright risk. Cite instead of redistributing."
"EXCLUDED","Brand_and_Items.xlsx","","","9965","942347DB618F248E81AA5F877C74FF0AE16AFBEF22032F47010E065D39D102AD","","","Excluded: this release ships no results/figures or results/tables at all, by policy -- see results/README.md and RELEASE_NOTES.md."
"EXCLUDED","Clean data\BRAND_A\brand_a_cleaned_ROBERTA.csv","","","279169","73F22739228E4AAAB1DC23221C1141C775F66B8D0C80C2FA643B0853C1063656","","","EXCLUDE (HOLD_FOR_PRIVACY_REVIEW / HOLD_FOR_ZENODO_AND_RIGHTS_REVIEW): row-level review data with reviewer name + raw review text (and, for raw files, a per-review URL). See data/README.md."
"EXCLUDED","Clean data\BRAND_A\brand_a_cleaned_VADER","","","269330","675BDCD25BAF7DB13DBCCD21B237DBEA489A1979FFC5D770BC2EB8BCCE705BF2","","","EXCLUDE (HOLD_FOR_PRIVACY_REVIEW / HOLD_FOR_ZENODO_AND_RIGHTS_REVIEW): row-level review data with reviewer name + raw review text (and, for raw files, a per-review URL). See data/README.md."
"EXCLUDED","Clean data\BRAND_A\brand_a_google_map_reviews.csv","","","3286474","30F20F63554A3C5B69EC01997B9D318F66AB3BCF1FD895529EBFB2D964FC909E","","","EXCLUDE (HOLD_FOR_PRIVACY_REVIEW / HOLD_FOR_ZENODO_AND_RIGHTS_REVIEW): row-level review data with reviewer name + raw review text (and, for raw files, a per-review URL). See data/README.md."
"EXCLUDED","Clean data\BRAND_B\brand_b_bangla_reviews.csv","","","58901","DC6E64A9320891D2E66F7FDCC4A1ADCF8AE5599BD38D8C82B3769B5507F25251","","","EXCLUDE (HOLD_FOR_PRIVACY_REVIEW / HOLD_FOR_ZENODO_AND_RIGHTS_REVIEW): row-level review data with reviewer name + raw review text (and, for raw files, a per-review URL). See data/README.md."
"EXCLUDED","Clean data\BRAND_B\brand_b_cleaned_ROBERTA.csv","","","372955","CA7CD5533145CDDC277001081199D4841D3A5C02259020EE75510052712B8139","","","EXCLUDE (HOLD_FOR_PRIVACY_REVIEW / HOLD_FOR_ZENODO_AND_RIGHTS_REVIEW): row-level review data with reviewer name + raw review text (and, for raw files, a per-review URL). See data/README.md."
"EXCLUDED","Clean data\BRAND_B\brand_b_cleaned_VADER","","","356048","D2757529C948F3AAD09548E56C325F1338218486FE2C35E8644DD59912EAABAB","","","EXCLUDE (HOLD_FOR_PRIVACY_REVIEW / HOLD_FOR_ZENODO_AND_RIGHTS_REVIEW): row-level review data with reviewer name + raw review text (and, for raw files, a per-review URL). See data/README.md."
"EXCLUDED","Clean data\BRAND_B\brand_b_google_map_reviews.csv","","","2930004","1743624442D19259F0F4297B8AA97F26D15C71EDD99C410F257A294D651C6CA0","","","EXCLUDE (HOLD_FOR_PRIVACY_REVIEW / HOLD_FOR_ZENODO_AND_RIGHTS_REVIEW): row-level review data with reviewer name + raw review text (and, for raw files, a per-review URL). See data/README.md."
"EXCLUDED","Clean data\BRAND_B\brand_b_translated.csv","","","27603","0B606940EE045CB2C7D1BCE215DB27B73FC229B4EB9E9AC6D6D908E1D66F1452","","","EXCLUDE (HOLD_FOR_PRIVACY_REVIEW / HOLD_FOR_ZENODO_AND_RIGHTS_REVIEW): row-level review data with reviewer name + raw review text (and, for raw files, a per-review URL). See data/README.md."
"EXCLUDED","Clean data\BRAND_C\brand_c_bangla_reviews.csv","","","18033","CB9B189B8DD70CB5852179610722719B9ECF0F18F223BBCDD6CE83EDAF39D657","","","EXCLUDE (HOLD_FOR_PRIVACY_REVIEW / HOLD_FOR_ZENODO_AND_RIGHTS_REVIEW): row-level review data with reviewer name + raw review text (and, for raw files, a per-review URL). See data/README.md."
"EXCLUDED","Clean data\BRAND_C\brand_c_cleaned_ROBERTA.csv","","","316280","7DDA7389398EADAEA9883661DA24C8D3ADFB8A6233EE0EB11A17A500F6EA5F86","","","EXCLUDE (HOLD_FOR_PRIVACY_REVIEW / HOLD_FOR_ZENODO_AND_RIGHTS_REVIEW): row-level review data with reviewer name + raw review text (and, for raw files, a per-review URL). See data/README.md."
"EXCLUDED","Clean data\BRAND_C\brand_c_cleaned_VADER","","","303878","883BD8A2866F319B4001ADA463DA63671ECB60DCDFB0CC6EC606510F2C966026","","","EXCLUDE (HOLD_FOR_PRIVACY_REVIEW / HOLD_FOR_ZENODO_AND_RIGHTS_REVIEW): row-level review data with reviewer name + raw review text (and, for raw files, a per-review URL). See data/README.md."
"EXCLUDED","Clean data\BRAND_C\brand_c_google_map_reviews.csv","","","2543995","E64FAECC37555A8463B369237C9C899427857A8A41753AF361701788A397AD95","","","EXCLUDE (HOLD_FOR_PRIVACY_REVIEW / HOLD_FOR_ZENODO_AND_RIGHTS_REVIEW): row-level review data with reviewer name + raw review text (and, for raw files, a per-review URL). See data/README.md."
"EXCLUDED","Clean data\BRAND_C\brand_c_translated.csv","","","9489","3F851BCFE0378AE803C7687398BC6DC9AFA2513901076E5601B6CAEEEAFBD829","","","EXCLUDE (HOLD_FOR_PRIVACY_REVIEW / HOLD_FOR_ZENODO_AND_RIGHTS_REVIEW): row-level review data with reviewer name + raw review text (and, for raw files, a per-review URL). See data/README.md."
"EXCLUDED","Clean data\BRAND_D\brand_d_bangla_reviews.csv","","","53025","F6D098456FD449FA0C6D72B5D7B22934DDB70E719778D098256223F33EA33E2B","","","EXCLUDE (HOLD_FOR_PRIVACY_REVIEW / HOLD_FOR_ZENODO_AND_RIGHTS_REVIEW): row-level review data with reviewer name + raw review text (and, for raw files, a per-review URL). See data/README.md."
"EXCLUDED","Clean data\BRAND_D\brand_d_cleaned_ROBERTA.csv","","","287802","74DB06AFD442DE1EAC7C7EBA3777C5B422F6C6066DEE8EC3ABEFEBA208BA3DA0","","","EXCLUDE (HOLD_FOR_PRIVACY_REVIEW / HOLD_FOR_ZENODO_AND_RIGHTS_REVIEW): row-level review data with reviewer name + raw review text (and, for raw files, a per-review URL). See data/README.md."
"EXCLUDED","Clean data\BRAND_D\brand_d_cleaned_VADER.csv","","","276430","2E6B4489163B5BC2D3849B9858F6B673C62C8BE92D334FDDF4F5A58B680F301E","","","EXCLUDE (HOLD_FOR_PRIVACY_REVIEW / HOLD_FOR_ZENODO_AND_RIGHTS_REVIEW): row-level review data with reviewer name + raw review text (and, for raw files, a per-review URL). See data/README.md."
"EXCLUDED","Clean data\BRAND_D\brand_d_google_map_reviews.csv","","","2887815","F012372E9530E35D7C06DB402D4D377C85B4A40F355157E276F09E22877CD94D","","","EXCLUDE (HOLD_FOR_PRIVACY_REVIEW / HOLD_FOR_ZENODO_AND_RIGHTS_REVIEW): row-level review data with reviewer name + raw review text (and, for raw files, a per-review URL). See data/README.md."
"EXCLUDED","Clean data\BRAND_D\brand_d_translated.csv","","","24663","80FFF7E6822BC96F3497D856C3783A58A413BC729D374662A5815790FBECF859","","","EXCLUDE (HOLD_FOR_PRIVACY_REVIEW / HOLD_FOR_ZENODO_AND_RIGHTS_REVIEW): row-level review data with reviewer name + raw review text (and, for raw files, a per-review URL). See data/README.md."
"EXCLUDED","Clean data\BRAND_E\brand_e_bangla_reviews.csv","","","23462","25E33FE737AC961076C90620A837ECE34F2F6A8F1C40478D5B63E2EE933769A8","","","EXCLUDE (HOLD_FOR_PRIVACY_REVIEW / HOLD_FOR_ZENODO_AND_RIGHTS_REVIEW): row-level review data with reviewer name + raw review text (and, for raw files, a per-review URL). See data/README.md."
"EXCLUDED","Clean data\BRAND_E\brand_e_cleaned_ROBERTA.csv","","","373914","DBC706F96E35FA638459B6EED3B566D9271920A40F9157F3B8FA886FF3A32E7F","","","EXCLUDE (HOLD_FOR_PRIVACY_REVIEW / HOLD_FOR_ZENODO_AND_RIGHTS_REVIEW): row-level review data with reviewer name + raw review text (and, for raw files, a per-review URL). See data/README.md."
"EXCLUDED","Clean data\BRAND_E\brand_e_cleaned_VADER","","","358878","C7DED6F447452FEA8B908A80ADC2B0DE4857D1CCC1AD62D71F64ED55038EEEAD","","","EXCLUDE (HOLD_FOR_PRIVACY_REVIEW / HOLD_FOR_ZENODO_AND_RIGHTS_REVIEW): row-level review data with reviewer name + raw review text (and, for raw files, a per-review URL). See data/README.md."
"EXCLUDED","Clean data\BRAND_E\brand_e_google_map_reviews.csv","","","3254477","8767CC78EE69929544A64008BE54D4E297E4F5355397437C8C1DB03FB757DF9E","","","EXCLUDE (HOLD_FOR_PRIVACY_REVIEW / HOLD_FOR_ZENODO_AND_RIGHTS_REVIEW): row-level review data with reviewer name + raw review text (and, for raw files, a per-review URL). See data/README.md."
"EXCLUDED","Clean data\BRAND_E\brand_e_translated.csv","","","12294","7E953A2E01052EC4CC36EC544424ECD9E85FD79A261DEAD37CE5D0FD7696C138","","","EXCLUDE (HOLD_FOR_PRIVACY_REVIEW / HOLD_FOR_ZENODO_AND_RIGHTS_REVIEW): row-level review data with reviewer name + raw review text (and, for raw files, a per-review URL). See data/README.md."
"EXCLUDED","Clean data\brand_d_classifier\1d_cnn.py","","","0","E3B0C44298FC1C149AFBF4C8996FB92427AE41E4649B934CA495991B7852B855","","","EXCLUDE: out-of-scope -- mBERT and/or synthetic-data-only experiment, not the manuscript's reported XLM-RoBERTa/TF-IDF-LogReg pipeline. See docs/REPRODUCIBILITY_LIMITATIONS.md item 7."
"EXCLUDED","Clean data\brand_d_classifier\bert_model\checkpoint-69\config.json","","","1080","A93EF12CDD4D97CB37892255D7D2BBCC56FCF695B32C4D1BD02A9CCD34DC84E5","","","EXCLUDE: file under bert_model/ or xlm_banglish_model/ checkpoint folder; this release excludes all model checkpoints and their metadata. See models/README.md (future Zenodo deposit)."
"EXCLUDED","Clean data\brand_d_classifier\bert_model\checkpoint-69\model.safetensors","","","711446508","E0492F8C19315ABCC1BC277E18EF3D0B70C52E0DE29ABB247F30524E8CCFB012","","","EXCLUDE: file under bert_model/ or xlm_banglish_model/ checkpoint folder; this release excludes all model checkpoints and their metadata. See models/README.md (future Zenodo deposit)."
"EXCLUDED","Clean data\brand_d_classifier\bert_model\checkpoint-69\optimizer.pt","","","1423008907","E1342E61C64DCC0CDB3C736DFF9076B0F8FF717A5FBEE1B712919003341D9295","","","EXCLUDE: file under bert_model/ or xlm_banglish_model/ checkpoint folder; this release excludes all model checkpoints and their metadata. See models/README.md (future Zenodo deposit)."
"EXCLUDED","Clean data\brand_d_classifier\bert_model\checkpoint-69\rng_state.pth","","","14455","C3AEE80E4B8AD6DF35FB8BB356BA08A574CC142289A187294EE86B4ACE46C1F4","","","EXCLUDE: file under bert_model/ or xlm_banglish_model/ checkpoint folder; this release excludes all model checkpoints and their metadata. See models/README.md (future Zenodo deposit)."
"EXCLUDED","Clean data\brand_d_classifier\bert_model\checkpoint-69\scheduler.pt","","","1465","F7C55450EE43B1AA3B89E6F833E95A8D999D2AD7B40AF4976BE89E310A88210E","","","EXCLUDE: file under bert_model/ or xlm_banglish_model/ checkpoint folder; this release excludes all model checkpoints and their metadata. See models/README.md (future Zenodo deposit)."
"EXCLUDED","Clean data\brand_d_classifier\bert_model\checkpoint-69\trainer_state.json","","","1682","C91E0180960A0B91FE727EBC20CD6FE5714ECCBFAF3EEC62876A40A814256D6E","","","EXCLUDE: file under bert_model/ or xlm_banglish_model/ checkpoint folder; this release excludes all model checkpoints and their metadata. See models/README.md (future Zenodo deposit)."
"EXCLUDED","Clean data\brand_d_classifier\bert_model\checkpoint-69\training_args.bin","","","5201","0BCE69CBA40C87698797F1D2786645C91D3CD02DE55D000036BB623376BAC9B7","","","EXCLUDE: file under bert_model/ or xlm_banglish_model/ checkpoint folder; this release excludes all model checkpoints and their metadata. See models/README.md (future Zenodo deposit)."
"EXCLUDED","Clean data\brand_d_classifier\brand_d_google_map_reviews.csv","","","2887815","F012372E9530E35D7C06DB402D4D377C85B4A40F355157E276F09E22877CD94D","","","EXCLUDE (HOLD_FOR_PRIVACY_REVIEW / HOLD_FOR_ZENODO_AND_RIGHTS_REVIEW): row-level review data with reviewer name + raw review text (and, for raw files, a per-review URL). See data/README.md."
"EXCLUDED","Clean data\brand_d_classifier\brand_d_m_bert.py","","","11711","DB8276E781446BB414CC608F7C453154297F9A92CA21C0D415DBD3FB4FE2B7E9","","","EXCLUDE: out-of-scope -- mBERT and/or synthetic-data-only experiment, not the manuscript's reported XLM-RoBERTa/TF-IDF-LogReg pipeline. See docs/REPRODUCIBILITY_LIMITATIONS.md item 7."
"EXCLUDED","Clean data\brand_d_classifier\brand_d_synthetic_reviews_v2.csv","","","118533","EA4446C976C78DE6BD08B2B7F73C593DB28D5705128544B6F3941E1C5A90C082","","","EXCLUDE: out-of-scope -- mBERT and/or synthetic-data-only experiment, not the manuscript's reported XLM-RoBERTa/TF-IDF-LogReg pipeline. See docs/REPRODUCIBILITY_LIMITATIONS.md item 7."
"EXCLUDED","Clean data\brand_d_classifier\brand_d_xlm_roberta.py","","","11356","E8408248D1F462E935AB1B2A7BBF9913C3A6399D310E5AB8CE435670AAE3AC38","","","EXCLUDE: out-of-scope -- mBERT and/or synthetic-data-only experiment, not the manuscript's reported XLM-RoBERTa/TF-IDF-LogReg pipeline. See docs/REPRODUCIBILITY_LIMITATIONS.md item 7."
"EXCLUDED","Clean data\brand_d_classifier\classical_ML.py","","","16991","CD0A6119B4FE3E5074E9688778CE01E192FBC7BCD3E92B3F97369AFB6F953122","","","EXCLUDE: out-of-scope -- mBERT and/or synthetic-data-only experiment, not the manuscript's reported XLM-RoBERTa/TF-IDF-LogReg pipeline. See docs/REPRODUCIBILITY_LIMITATIONS.md item 7."
"EXCLUDED","Clean data\brand_d_classifier\classical_ml_summary.png","","","21459","5EB95A075AA4CF868CEEE83B9068DB0457E9E0E047AEFDFAB46CDFCA8EAC7020","","","EXCLUDE: out-of-scope -- mBERT and/or synthetic-data-only experiment, not the manuscript's reported XLM-RoBERTa/TF-IDF-LogReg pipeline. See docs/REPRODUCIBILITY_LIMITATIONS.md item 7."
"EXCLUDED","Clean data\brand_d_classifier\comparison_synthetic_vs_real.png","","","93657","17747446CC0AAB33C803C784E78FAA037E592B8BD07DA8627823C89C6F6E67CE","","","EXCLUDE: out-of-scope -- mBERT and/or synthetic-data-only experiment, not the manuscript's reported XLM-RoBERTa/TF-IDF-LogReg pipeline. See docs/REPRODUCIBILITY_LIMITATIONS.md item 7."
"EXCLUDED","Clean data\brand_d_classifier\confusion_matrices_real_banglish.png","","","150682","09B5FBB8F3EEBEE7C34C60FBF2DA9AA191F375DFEEB62F58CC97F320A37C3F60","","","EXCLUDE: out-of-scope -- mBERT and/or synthetic-data-only experiment, not the manuscript's reported XLM-RoBERTa/TF-IDF-LogReg pipeline. See docs/REPRODUCIBILITY_LIMITATIONS.md item 7."
"EXCLUDED","Clean data\brand_d_classifier\mbert_banglish_sentiment_realistic.csv","","","171287","DCCCFB283A226C9F4F413053D0649B3B5B9B58AFA793EB9362ED670F003B841A","","","EXCLUDE: not required for the manuscript's reported method scope, or superseded/duplicate; see docs/REPRODUCIBILITY_LIMITATIONS.md and data/README.md."
"EXCLUDED","Clean data\brand_d_classifier\mbert_confusion_matrix_realistic.png","","","42034","B4761EC3F64BDBBB6199E59B3EB54095CD381D43F438FA034042C94C1D7DCE1D","","","EXCLUDE: out-of-scope -- mBERT and/or synthetic-data-only experiment, not the manuscript's reported XLM-RoBERTa/TF-IDF-LogReg pipeline. See docs/REPRODUCIBILITY_LIMITATIONS.md item 7."
"EXCLUDED","Clean data\brand_d_classifier\mbert_score_distribution.png","","","41428","EFB6A0222D91025DDFFE5D224844C51A1C0574DC9B7E1C48BDF4FAFCC9D3B7A3","","","EXCLUDE: out-of-scope -- mBERT and/or synthetic-data-only experiment, not the manuscript's reported XLM-RoBERTa/TF-IDF-LogReg pipeline. See docs/REPRODUCIBILITY_LIMITATIONS.md item 7."
"EXCLUDED","Clean data\brand_d_classifier\mbert_summary.png","","","17238","FE786ED46A964E8D65D10C2739BBE43B2B92953BB84E227E031C59891FE58616","","","EXCLUDE: out-of-scope -- mBERT and/or synthetic-data-only experiment, not the manuscript's reported XLM-RoBERTa/TF-IDF-LogReg pipeline. See docs/REPRODUCIBILITY_LIMITATIONS.md item 7."
"EXCLUDED","Clean data\brand_d_classifier\real_banglish_scored.csv","","","15061","93082F0C05EFEC94D4E3AF72DC555A2A04FFDCEC614815C682414EBB684F099D","","","EXCLUDE: out-of-scope -- mBERT and/or synthetic-data-only experiment, not the manuscript's reported XLM-RoBERTa/TF-IDF-LogReg pipeline. See docs/REPRODUCIBILITY_LIMITATIONS.md item 7."
"EXCLUDED","Clean data\brand_d_classifier\score_dist_real_banglish.png","","","40399","9F8907659CE32CD06547B7DBCC098A8837A73A72514B759BE583F8E4A29E73DE","","","EXCLUDE: out-of-scope -- mBERT and/or synthetic-data-only experiment, not the manuscript's reported XLM-RoBERTa/TF-IDF-LogReg pipeline. See docs/REPRODUCIBILITY_LIMITATIONS.md item 7."
"EXCLUDED","Clean data\brand_d_classifier\xlm_banglish_model\checkpoint-138\config.json","","","956","F223BB27AFC8F37E8E5898C7891B4F06DEAA22C26C6461C43778CCF8413DA252","","","EXCLUDE: file under bert_model/ or xlm_banglish_model/ checkpoint folder; this release excludes all model checkpoints and their metadata. See models/README.md (future Zenodo deposit)."
"EXCLUDED","Clean data\brand_d_classifier\xlm_banglish_model\checkpoint-138\model.safetensors","","","1112208060","44173BCCF517068AEF4D3D948D4166F1D01ECDE1F47943775688258EE8AF444D","","","EXCLUDE: file under bert_model/ or xlm_banglish_model/ checkpoint folder; this release excludes all model checkpoints and their metadata. See models/README.md (future Zenodo deposit)."
"EXCLUDED","Clean data\brand_d_classifier\xlm_banglish_model\checkpoint-138\optimizer.pt","","","2224530571","BE700EFE3C6D3633DE73128D6F49CC4DC0AEFF80A6A4E36B0C9B3581901581B5","","","EXCLUDE: file under bert_model/ or xlm_banglish_model/ checkpoint folder; this release excludes all model checkpoints and their metadata. See models/README.md (future Zenodo deposit)."
"EXCLUDED","Clean data\brand_d_classifier\xlm_banglish_model\checkpoint-138\rng_state.pth","","","14455","397A57B63E93A146C3505101E2822371E9D8A92043FFE23735C576B00B356A88","","","EXCLUDE: file under bert_model/ or xlm_banglish_model/ checkpoint folder; this release excludes all model checkpoints and their metadata. See models/README.md (future Zenodo deposit)."
"EXCLUDED","Clean data\brand_d_classifier\xlm_banglish_model\checkpoint-138\scheduler.pt","","","1465","B450668371F2644833ADADFDA033F79ABD4689F06F289B4409E3C20B1DEAD00F","","","EXCLUDE: file under bert_model/ or xlm_banglish_model/ checkpoint folder; this release excludes all model checkpoints and their metadata. See models/README.md (future Zenodo deposit)."
"EXCLUDED","Clean data\brand_d_classifier\xlm_banglish_model\checkpoint-138\trainer_state.json","","","2551","2AEB3592E9AC4092F2D1D631555F8AD4F502AE385713B9A8688B4AC71D1E9BF6","","","EXCLUDE: file under bert_model/ or xlm_banglish_model/ checkpoint folder; this release excludes all model checkpoints and their metadata. See models/README.md (future Zenodo deposit)."
"EXCLUDED","Clean data\brand_d_classifier\xlm_banglish_model\checkpoint-138\training_args.bin","","","5201","DE3E8C82550ABD888CD1D604C02D84038E8DBF4E701F23C890F5100FD104378D","","","EXCLUDE: file under bert_model/ or xlm_banglish_model/ checkpoint folder; this release excludes all model checkpoints and their metadata. See models/README.md (future Zenodo deposit)."
"EXCLUDED","Clean data\brand_d_classifier\xlm_banglish_model\checkpoint-207\config.json","","","956","F223BB27AFC8F37E8E5898C7891B4F06DEAA22C26C6461C43778CCF8413DA252","","","EXCLUDE: file under bert_model/ or xlm_banglish_model/ checkpoint folder; this release excludes all model checkpoints and their metadata. See models/README.md (future Zenodo deposit)."
"EXCLUDED","Clean data\brand_d_classifier\xlm_banglish_model\checkpoint-207\model.safetensors","","","1112208060","0F9BA09C478B3A6EDAA6A2698AC630416A711B4BCEAE01C80188456429F033E5","","","EXCLUDE: file under bert_model/ or xlm_banglish_model/ checkpoint folder; this release excludes all model checkpoints and their metadata. See models/README.md (future Zenodo deposit)."
"EXCLUDED","Clean data\brand_d_classifier\xlm_banglish_model\checkpoint-207\optimizer.pt","","","2224530571","57A4221EB1E9750A049FF2405D1E463D3AF302E0F17EB93EC98034023AD4D108","","","EXCLUDE: file under bert_model/ or xlm_banglish_model/ checkpoint folder; this release excludes all model checkpoints and their metadata. See models/README.md (future Zenodo deposit)."
"EXCLUDED","Clean data\brand_d_classifier\xlm_banglish_model\checkpoint-207\rng_state.pth","","","14455","51221E1D1674386362C9A93890605381A074E8F4C18A74053569F1F0362D0B74","","","EXCLUDE: file under bert_model/ or xlm_banglish_model/ checkpoint folder; this release excludes all model checkpoints and their metadata. See models/README.md (future Zenodo deposit)."
"EXCLUDED","Clean data\brand_d_classifier\xlm_banglish_model\checkpoint-207\scheduler.pt","","","1465","2CF3C64D9D43C5C59B99F144719C97AAB49BBA0AEE3C06B3B08CF8E317F19501","","","EXCLUDE: file under bert_model/ or xlm_banglish_model/ checkpoint folder; this release excludes all model checkpoints and their metadata. See models/README.md (future Zenodo deposit)."
"EXCLUDED","Clean data\brand_d_classifier\xlm_banglish_model\checkpoint-207\trainer_state.json","","","3585","23414F2E9ABA48E8D92950DA66A8F71C52F6C5F69242668D39EA4E29CAE52A95","","","EXCLUDE: file under bert_model/ or xlm_banglish_model/ checkpoint folder; this release excludes all model checkpoints and their metadata. See models/README.md (future Zenodo deposit)."
"EXCLUDED","Clean data\brand_d_classifier\xlm_banglish_model\checkpoint-207\training_args.bin","","","5201","DE3E8C82550ABD888CD1D604C02D84038E8DBF4E701F23C890F5100FD104378D","","","EXCLUDE: file under bert_model/ or xlm_banglish_model/ checkpoint folder; this release excludes all model checkpoints and their metadata. See models/README.md (future Zenodo deposit)."
"EXCLUDED","Clean data\brand_d_classifier\xlm_banglish_model\checkpoint-69\config.json","","","956","F223BB27AFC8F37E8E5898C7891B4F06DEAA22C26C6461C43778CCF8413DA252","","","EXCLUDE: file under bert_model/ or xlm_banglish_model/ checkpoint folder; this release excludes all model checkpoints and their metadata. See models/README.md (future Zenodo deposit)."
"EXCLUDED","Clean data\brand_d_classifier\xlm_banglish_model\checkpoint-69\model.safetensors","","","1112208060","5F9AD953BDFC432E93E637C6DD8F3C08D16276280F6B7E7B91A4824932B35B5C","","","EXCLUDE: file under bert_model/ or xlm_banglish_model/ checkpoint folder; this release excludes all model checkpoints and their metadata. See models/README.md (future Zenodo deposit)."
"EXCLUDED","Clean data\brand_d_classifier\xlm_banglish_model\checkpoint-69\optimizer.pt","","","2224530571","490117B90F848A362B28ABF927FEB3A8B6CA6343A6C477055315CC411A1D6ACF","","","EXCLUDE: file under bert_model/ or xlm_banglish_model/ checkpoint folder; this release excludes all model checkpoints and their metadata. See models/README.md (future Zenodo deposit)."
"EXCLUDED","Clean data\brand_d_classifier\xlm_banglish_model\checkpoint-69\rng_state.pth","","","14455","73DB91984994C677DEAE9A273E1331E18CE32493B5E0B18036B19F306627F7D0","","","EXCLUDE: file under bert_model/ or xlm_banglish_model/ checkpoint folder; this release excludes all model checkpoints and their metadata. See models/README.md (future Zenodo deposit)."
"EXCLUDED","Clean data\brand_d_classifier\xlm_banglish_model\checkpoint-69\scheduler.pt","","","1465","5A9B846A3F1B660816CFA1DF13D05B2A8AAB8A70D73B12697CEA4D65F995C4D5","","","EXCLUDE: file under bert_model/ or xlm_banglish_model/ checkpoint folder; this release excludes all model checkpoints and their metadata. See models/README.md (future Zenodo deposit)."
"EXCLUDED","Clean data\brand_d_classifier\xlm_banglish_model\checkpoint-69\trainer_state.json","","","1697","1BACD9DF873FF47D04BC6C0FC3D15F20FCEF5D65792E1DA9BA155BDD9B2AF502","","","EXCLUDE: file under bert_model/ or xlm_banglish_model/ checkpoint folder; this release excludes all model checkpoints and their metadata. See models/README.md (future Zenodo deposit)."
"EXCLUDED","Clean data\brand_d_classifier\xlm_banglish_model\checkpoint-69\training_args.bin","","","5201","DE3E8C82550ABD888CD1D604C02D84038E8DBF4E701F23C890F5100FD104378D","","","EXCLUDE: file under bert_model/ or xlm_banglish_model/ checkpoint folder; this release excludes all model checkpoints and their metadata. See models/README.md (future Zenodo deposit)."
"EXCLUDED","Clean data\brand_d_classifier\xlm_banglish_sentiment_realistic.csv","","","171099","2D5F57BD65AFB1E5C58668D74D737FFD294F7A57979359AC12D55486AABC46FB","","","EXCLUDE: out-of-scope -- mBERT and/or synthetic-data-only experiment, not the manuscript's reported XLM-RoBERTa/TF-IDF-LogReg pipeline. See docs/REPRODUCIBILITY_LIMITATIONS.md item 7."
"EXCLUDED","Clean data\brand_d_classifier\xlm_confusion_matrix.png","","","42608","A41F79604C352E733B6B0E27D58CD49921C72C357683D95E7C1A501CFC1F0B6D","","","EXCLUDE: out-of-scope -- mBERT and/or synthetic-data-only experiment, not the manuscript's reported XLM-RoBERTa/TF-IDF-LogReg pipeline. See docs/REPRODUCIBILITY_LIMITATIONS.md item 7."
"EXCLUDED","Clean data\brand_d_classifier\xlm_score_distribution.png","","","40892","B645D27DB9E3AF4166B2E7D9FE0BCFAC7AB35D717B126D6A8188757B111F1CAF","","","EXCLUDE: out-of-scope -- mBERT and/or synthetic-data-only experiment, not the manuscript's reported XLM-RoBERTa/TF-IDF-LogReg pipeline. See docs/REPRODUCIBILITY_LIMITATIONS.md item 7."
"EXCLUDED","Clean data\brand_d_classifier\xlm_summary.png","","","17587","FC2011513AB6A8EE0F43575B914B225E5882FBFC11890F511E357D8D435BB615","","","EXCLUDE: out-of-scope -- mBERT and/or synthetic-data-only experiment, not the manuscript's reported XLM-RoBERTa/TF-IDF-LogReg pipeline. See docs/REPRODUCIBILITY_LIMITATIONS.md item 7."
"EXCLUDED","Final Outputs & Analysis\All_9_Tables.docx","","","39326","CAE92BBBACFD6FD5D9A48AE6A09D52E1AF550A388E1C42F4CD28FDAB12095E4D","","","Excluded: reports a per-brand English dataset total (Brand A=2354/2357) that Sentiment_Analysis_Tables_Charts.xlsx's Dataset Overview sheet mislabels as the whole-dataset total. See docs/REPRODUCIBILITY_LIMITATIONS.md, item 1."
"EXCLUDED","Final Outputs & Analysis\Banglish Reviews\banglish_dataset_final.csv","","","79936","517489B4216951797BD889D77807FD6C98555DC082E469040E1EA93D1B2CF1B6","","","EXCLUDE: exact duplicate of the corresponding file in Banglish Analysis/, which is excluded anyway under the privacy rule (row-level name+review data) except where already copied to results/."
"EXCLUDED","Final Outputs & Analysis\Banglish Reviews\banglish_sentiment_scored_v2.xlsx","","","97021","B17B29C03C90DB1201F356BF7D2E57C647E39D7B87750E7D4EF1F303D33F30D0","","","EXCLUDE: exact duplicate of the corresponding file in Banglish Analysis/, which is excluded anyway under the privacy rule (row-level name+review data) except where already copied to results/."
"EXCLUDED","Final Outputs & Analysis\Banglish Reviews\confusion_matrix_validation_v2.png","","","36126","D05AF9E8F73598760C9E23DC690DE6F143F5E1906E5D9C727A81A2659CEAC14B","","","EXCLUDE: exact duplicate of the corresponding file in Banglish Analysis/, which is excluded anyway under the privacy rule (row-level name+review data) except where already copied to results/."
"EXCLUDED","Final Outputs & Analysis\Banglish Reviews\training_curve_v2.png","","","70854","98FA172D4D8CD4BEB9A51BAA834EDB42AC1247C5096B2C73D70C847080DD3B79","","","EXCLUDE: exact duplicate of the corresponding file in Banglish Analysis/, which is excluded anyway under the privacy rule (row-level name+review data) except where already copied to results/."
"EXCLUDED","Final Outputs & Analysis\Banglish Reviews\training_metrics_v2.json","","","785","1FD25CD506D5D271C66E8ED128802F147A8213098F47DF7426065FCBE880C199","","","EXCLUDE: exact duplicate of the corresponding file in Banglish Analysis/, which is excluded anyway under the privacy rule (row-level name+review data) except where already copied to results/."
"EXCLUDED","Final Outputs & Analysis\Gemini\All_9_Tables.docx","","","39326","CAE92BBBACFD6FD5D9A48AE6A09D52E1AF550A388E1C42F4CD28FDAB12095E4D","","","EXCLUDE: exact duplicate of a file already included from Final Outputs & Analysis/ (or Banglish Analysis/); scratch mirror."
"EXCLUDED","Final Outputs & Analysis\Gemini\img_01.png","","","62235","55E2D4CE31AF4EE7A91BEB91B9B5736DE3E2FDAFA75B411F3CC86F7DCDFBD33E","","","EXCLUDE: exact duplicate of a file already included from Final Outputs & Analysis/ (or Banglish Analysis/); scratch mirror."
"EXCLUDED","Final Outputs & Analysis\Gemini\img_02.png","","","57669","8A3B4074ED3CB44CD4FAD866849DCCECA1BA5B41F1AEF51118EE50A0E412CDF8","","","EXCLUDE: exact duplicate of a file already included from Final Outputs & Analysis/ (or Banglish Analysis/); scratch mirror."
"EXCLUDED","Final Outputs & Analysis\Gemini\img_03.png","","","51867","AC064E405D734F08BE7E03DAEB53169E6BDF98E6FE2929328FA15E2984B2E4E8","","","EXCLUDE: exact duplicate of a file already included from Final Outputs & Analysis/ (or Banglish Analysis/); scratch mirror."
"EXCLUDED","Final Outputs & Analysis\Gemini\img_04.png","","","55127","DA95CA5431AEEBACCBC9D36A8CEF9238E4ADA69E793351405FB97C978361C634","","","EXCLUDE: exists only in the non-finalized Gemini/ scratch folder, never promoted to the finalized output folder; per-brand totals inconsistent with the Dataset Overview sheet. See docs/REPRODUCIBILITY_LIMITATIONS.md item 4."
"EXCLUDED","Final Outputs & Analysis\Gemini\img_05.png","","","46448","334700C58CBEF5374FA8D7EE7DD01A153A94F77B6FCBA8F95580E5E45E0C217F","","","EXCLUDE: exists only in the non-finalized Gemini/ scratch folder, never promoted to the finalized output folder; per-brand totals inconsistent with the Dataset Overview sheet. See docs/REPRODUCIBILITY_LIMITATIONS.md item 4."
"EXCLUDED","Final Outputs & Analysis\Gemini\img_06.png","","","95111","9BE1FAD1DBA6CDAC5D3120E6A6798F8798FD270C03C0AA9AA3B773E3730C0D08","","","EXCLUDE: exists only in the non-finalized Gemini/ scratch folder, never promoted to the finalized output folder; per-brand totals inconsistent with the Dataset Overview sheet. See docs/REPRODUCIBILITY_LIMITATIONS.md item 4."
"EXCLUDED","Final Outputs & Analysis\Gemini\img_07.png","","","87989","FAF5FF062D18CD84FC9B5DEBBD10243CE2BC9318A5A2C326FF39CB7FB1253697","","","EXCLUDE: exact duplicate of a file already included from Final Outputs & Analysis/ (or Banglish Analysis/); scratch mirror."
"EXCLUDED","Final Outputs & Analysis\ROBERTA_All_Restaurants_Sentiment_Score.xlsx","","","1590662","2D217F646C69B9BDBFFC94E4A2DFDABE75D532214A0A7D4ABED01DBA910ED634","","","EXCLUDE (HOLD_FOR_PRIVACY_REVIEW): despite the 'All_Restaurants' aggregate-sounding name, inspection confirmed full row-level export with real reviewer names + raw review text."
"EXCLUDED","Final Outputs & Analysis\Raw data\bangla_raw_reviews.xlsx","","","65608","AEDA16E51B49B294BDDC5D37E5E0D7A112BAA9BBD333914C022F849A0758DA5D","","","EXCLUDE (HOLD_FOR_ZENODO_AND_RIGHTS_REVIEW): large per-brand raw/labeled review compilation (thousands of rows), same reviewer-name + raw-text pattern as the smaller raw corpus."
"EXCLUDED","Final Outputs & Analysis\Raw data\english_raw_reviews.xlsx","","","3671629","0C70391D2E17AE3A7E900CACEEC29548DD6C67E1246C3A488522EAAABD4365CD","","","EXCLUDE (HOLD_FOR_ZENODO_AND_RIGHTS_REVIEW): large per-brand raw/labeled review compilation (thousands of rows), same reviewer-name + raw-text pattern as the smaller raw corpus."
"EXCLUDED","Final Outputs & Analysis\Raw data\raw_data_lebeled.xlsx","","","3875451","3BF0DA61C8A709EBEF4595C39AAFAAB407E2ACF672BD191F9968E09F724CB36A","","","EXCLUDE (HOLD_FOR_ZENODO_AND_RIGHTS_REVIEW): large per-brand raw/labeled review compilation (thousands of rows), same reviewer-name + raw-text pattern as the smaller raw corpus."
"EXCLUDED","Final Outputs & Analysis\Results_Section_Draft.docx","","","1354616","2FD4E47C0F2A148DD00BAAF0BBF804054BEC21A29E59E5E1EAC78C9C9434FA24","","","EXCLUDE: working manuscript draft, not a finalized result."
"EXCLUDED","Final Outputs & Analysis\Sentiment_Analysis_Tables_Charts.xlsx","","","27291","F845D0A8DFB0A893014E6755735C431887EEA18D28158427E5B2ED46ED206196","","","Excluded: Dataset Overview sheet states 2354/2357 as the whole English dataset; All_9_Tables.docx shows this is Brand A alone. The VADER-vs-RoBERTa agreement statistic (Cohen's Kappa=0.0857) computed from this file does not match the manuscript's reported figures. See docs/REPRODUCIBILITY_LIMITATIONS.md, item 1."
"EXCLUDED","Final Outputs & Analysis\VADER_All_Restaurants_Sentiment_Score.xlsx","","","1239159","E6655BA16D4F4DCFC959EAE59EF34632BBE102846ABF483AEB5538929D877A8E","","","EXCLUDE (HOLD_FOR_PRIVACY_REVIEW): despite the 'All_Restaurants' aggregate-sounding name, inspection confirmed full row-level export with real reviewer names + raw review text."
"EXCLUDED","Final Outputs & Analysis\data_results_8_august.docx","","","4371674","50EE9B9055C707BBA57CA386DFDDD28FEDD1BFE329B58A681C129869DFF6A871","","","EXCLUDE: working manuscript draft, not a finalized result."
"EXCLUDED","Final Outputs & Analysis\img_01.png","","","62235","55E2D4CE31AF4EE7A91BEB91B9B5736DE3E2FDAFA75B411F3CC86F7DCDFBD33E","","","Excluded: keyword-frequency counts imply a corpus scale inconsistent with the disputed dataset-size figures. See docs/REPRODUCIBILITY_LIMITATIONS.md, item 1."
"EXCLUDED","Final Outputs & Analysis\img_02.png","","","57669","8A3B4074ED3CB44CD4FAD866849DCCECA1BA5B41F1AEF51118EE50A0E412CDF8","","","Excluded: same reason as img_01. See docs/REPRODUCIBILITY_LIMITATIONS.md, item 1."
"EXCLUDED","Final Outputs & Analysis\img_03.png","","","51867","AC064E405D734F08BE7E03DAEB53169E6BDF98E6FE2929328FA15E2984B2E4E8","","","Excluded: this release ships no results/figures or results/tables at all, by policy -- see results/README.md and RELEASE_NOTES.md."
"EXCLUDED","Final Outputs & Analysis\img_07.png","","","87989","FAF5FF062D18CD84FC9B5DEBBD10243CE2BC9318A5A2C326FF39CB7FB1253697","","","EXCLUDE: plots reviews-by-year, but no retained source file has any date/timestamp field, and the manuscript's own methodology notes state such a chart was intentionally omitted. Provenance could not be verified. See docs/REPRODUCIBILITY_LIMITATIONS.md item 3."
"EXCLUDED","Final Outputs & Analysis\mapping.png","","","2259057","C8C293BFE1700F5316AB9481D3661418C8A4C00CC6F9B591B6B9CD7432482F10","","","Excluded: this release ships no results/figures or results/tables at all, by policy -- see results/README.md and RELEASE_NOTES.md."
"EXCLUDED","Final Outputs & Analysis\review_volume_year_wise.png","","","170471","C6375F71D6AB1DEA6983BB2564C2E01E409F4A4FBAAEABCC75E8084ABB558E65","","","EXCLUDE: plots reviews-by-year, but no retained source file has any date/timestamp field, and the manuscript's own methodology notes state such a chart was intentionally omitted. Provenance could not be verified. See docs/REPRODUCIBILITY_LIMITATIONS.md item 3."
"EXCLUDED","Google map reviews (raw)\brand_a_google_map_reviews.csv","","","3285802","5D92AE0F0B56D9F8A320110E9D6016511417B754A246E8EDFC4AD7048FD3D794","","","EXCLUDE (HOLD_FOR_PRIVACY_REVIEW / HOLD_FOR_ZENODO_AND_RIGHTS_REVIEW): row-level review data with reviewer name + raw review text (and, for raw files, a per-review URL). See data/README.md."
"EXCLUDED","Google map reviews (raw)\brand_b_google_map_reviews.csv","","","2930004","1743624442D19259F0F4297B8AA97F26D15C71EDD99C410F257A294D651C6CA0","","","EXCLUDE (HOLD_FOR_PRIVACY_REVIEW / HOLD_FOR_ZENODO_AND_RIGHTS_REVIEW): row-level review data with reviewer name + raw review text (and, for raw files, a per-review URL). See data/README.md."
"EXCLUDED","Google map reviews (raw)\brand_c_google_map_reviews.csv","","","2543044","FBBB499A80F22E2F89AE701CA90E100C571139C7AF413A89980D0EF57F068290","","","EXCLUDE (HOLD_FOR_PRIVACY_REVIEW / HOLD_FOR_ZENODO_AND_RIGHTS_REVIEW): row-level review data with reviewer name + raw review text (and, for raw files, a per-review URL). See data/README.md."
"EXCLUDED","Google map reviews (raw)\brand_d_google_map_reviews.csv","","","2887815","F012372E9530E35D7C06DB402D4D377C85B4A40F355157E276F09E22877CD94D","","","EXCLUDE (HOLD_FOR_PRIVACY_REVIEW / HOLD_FOR_ZENODO_AND_RIGHTS_REVIEW): row-level review data with reviewer name + raw review text (and, for raw files, a per-review URL). See data/README.md."
"EXCLUDED","Google map reviews (raw)\brand_e_google_map_reviews.csv","","","3253330","6941EA08195D9AC27B878C7E361BC55D58D982B5C2CD5B19F8767B3AC1B11CDC","","","EXCLUDE (HOLD_FOR_PRIVACY_REVIEW / HOLD_FOR_ZENODO_AND_RIGHTS_REVIEW): row-level review data with reviewer name + raw review text (and, for raw files, a per-review URL). See data/README.md."
"EXCLUDED","ROBERTA (BRAND_D)\brand_d_ROBERTA.csv","","","393797","EBB98889FA19FE671B58AF92DF1C242005D470FDA9D230138BB081FD0F139C57","","","EXCLUDE (HOLD_FOR_PRIVACY_REVIEW): scored output retains reviewer name + raw review text alongside model scores."
"EXCLUDED","ROBERTA (BRAND_D)\brand_d_ROBERTA.xlsx","","","297974","B0B2D6FCD4BBBCA3641351AFA7293038DB201DC31CECC58FFEA844462A546319","","","EXCLUDE (HOLD_FOR_PRIVACY_REVIEW): scored output retains reviewer name + raw review text alongside model scores."
"EXCLUDED","ROBERTA (BRAND_D)\brand_d_cleaned_ROBERTA.csv","","","287802","74DB06AFD442DE1EAC7C7EBA3777C5B422F6C6066DEE8EC3ABEFEBA208BA3DA0","","","EXCLUDE (HOLD_FOR_PRIVACY_REVIEW / HOLD_FOR_ZENODO_AND_RIGHTS_REVIEW): row-level review data with reviewer name + raw review text (and, for raw files, a per-review URL). See data/README.md."
"EXCLUDED","ROBERTA (BRAND_D)\stars_VS_compound_score_relationship.png","","","24865","346FDDD1CA3EBAFAB1FBCB7073E98F830D3A0C3AB6DA40374AC420B81D9B0B51","","","Excluded: this release ships no results/figures or results/tables at all, by policy -- see results/README.md and RELEASE_NOTES.md."
"EXCLUDED","VADER (BRAND_D)\brand_d_VADER.csv","","","334779","1B37CBD2A9EB20067BBE83D934EFB1D1963633B85B0AEA9DA4E5037230409E6C","","","EXCLUDE (HOLD_FOR_PRIVACY_REVIEW): scored output retains reviewer name + raw review text alongside model scores."
"EXCLUDED","VADER (BRAND_D)\brand_d_VADER.xlsx","","","221557","9122049A87FE18F1B4CA488726B2A5627702154865EC6EDFE055CA5A9F8021F1","","","EXCLUDE (HOLD_FOR_PRIVACY_REVIEW): scored output retains reviewer name + raw review text alongside model scores."
"EXCLUDED","VADER (BRAND_D)\brand_d_cleaned_VADER.csv","","","276430","2E6B4489163B5BC2D3849B9858F6B673C62C8BE92D334FDDF4F5A58B680F301E","","","EXCLUDE (HOLD_FOR_PRIVACY_REVIEW / HOLD_FOR_ZENODO_AND_RIGHTS_REVIEW): row-level review data with reviewer name + raw review text (and, for raw files, a per-review URL). See data/README.md."
"EXCLUDED","VADER (BRAND_D)\brand_d_compound_score_VS_stars.png","","","23651","9EC1176907CB6F77ADADD3B97BF501830C33029AFA1BA5488828CAB23CCBE20D","","","Excluded: this release ships no results/figures or results/tables at all, by policy -- see results/README.md and RELEASE_NOTES.md."
"EXCLUDED","VADER (BRAND_D)\brand_d_no_of_consumer_by_stars.png","","","22793","415F17E11FE3F4A30C94B359F4813250AA8FF5AD7EFA6F6707D9ACE2D4EB0A93","","","Excluded: this release ships no results/figures or results/tables at all, by policy -- see results/README.md and RELEASE_NOTES.md."
"EXCLUDED","VADER (BRAND_D)\excel_to_CSV.py","","","104","E3433DB988879E2E80CACBB0F920F2E6D2E7DABE9274CCA94DF80FEDF2BC7B25","","","EXCLUDE: not required for the manuscript's reported method scope, or superseded/duplicate; see docs/REPRODUCIBILITY_LIMITATIONS.md and data/README.md."
"EXCLUDED","catagories.csv","","","4412","141023CD067DC93D66F2CC9E330A7FE63703FE8F8206DEC4BD57DA22BE3F023F","","","Excluded: this release ships no results/figures or results/tables at all, by policy -- see results/README.md and RELEASE_NOTES.md."
"EXCLUDED","catagories.xlsx","","","14663","F8A768893A5D8CC074DF9306FC1933DB21C4670A9FDBC1340B9F570A976D1EBF","","","Excluded: this release ships no results/figures or results/tables at all, by policy -- see results/README.md and RELEASE_NOTES.md."
"EXCLUDED","strategic fit using BDA.pdf","","","1722443","27FBB2390BDB6078630BC781961B4A4A7AD9CDF1465F2E56867F37CD2A8F0F3F","","","EXCLUDE: external reference/literature PDF, not team-authored; copyright risk. Cite instead of redistributing."
"EXCLUDED (BULK)","Clean data\brand_d_classifier\venv\ (40,092 files, not individually enumerated)","","","1188744744","","","","EXCLUDE: entire Python virtual environment. See .gitignore and docs/ENVIRONMENT_NOTES.md."
"GENERATED","",".gitignore","","209","","5C1B7F5C064561BD6165710E2F88AED380407911178BF07F1F64395921A7D89E","","Authored for this release (documentation, config, or test scaffolding) -- not present in the original project."
"GENERATED","","CITATION.cff","","1150","","B8D98C1A83C0716422F6497B585DB5266C0C4E1B0805C6FB966C12F277956D53","","Authored for this release: citation metadata for v1.0.0."
"GENERATED","","LICENSE","","1119","","0E0033CD22CBA513FFF763855D60CEBC593F7A81299D1A134CA24DF0309D5370","","Authored for this release: MIT license."
"GENERATED","","README.md","","16987","","BBABF4817A18FDA337B017C66126C8DE8D666C91C76AEDF9CD85747CE80AD4D0","","Documents exactly what this release can and cannot independently verify against the manuscript's reported numbers -- see docs/REPRODUCIBILITY_LIMITATIONS.md."
"GENERATED","","RELEASE_NOTES.md","","5997","","BF7E15EAD4A8ED59B4F7FE5314527649D4A47A77F92CEF481496082BC6DE9584","","Documents exactly what this release can and cannot independently verify against the manuscript's reported numbers -- see docs/REPRODUCIBILITY_LIMITATIONS.md."
"GENERATED","","config\model_registry.yaml","","3710","","6B9B7E38DCAAE910472713AB4FB563F6AC64FD34D6128DC8ABDCDD457BAAD30E","","Authored for this release (documentation, config, or test scaffolding) -- not present in the original project."
"GENERATED","","data\LICENSE_DATA.md","","1001","","51B3861998B401EB5969082E6B1D20534E4D57468F9BB9EDA8617459268FB43A","","Authored for this release (documentation, config, or test scaffolding) -- not present in the original project."
"GENERATED","","data\README.md","","6205","","44CA2915D9F85D37A004689DE8E602D81CE4F0D967E8886B16C41D02A4F1ACF6","","Documents exactly what this release can and cannot independently verify against the manuscript's reported numbers -- see docs/REPRODUCIBILITY_LIMITATIONS.md."
"GENERATED","","data\example\synthetic_schema_example.csv","","322","","69D46ABA80EA753A7E26B78B2A923C1D69FB7FDF6DB8B40A8D03E762C6160AEF","","Authored for this release (documentation, config, or test scaffolding) -- not present in the original project."
"GENERATED","","docs\CODE_CHANGES.md","","9328","","FD37E723BC2A9C6BD8BA957B7A2EABC664771ED7947CD9F5719C5F26BC18D00F","","Reconstructed/updated for this release; see RELEASE_NOTES.md / docs/CODE_CHANGES.md."
"GENERATED","","docs\DATA_PROVENANCE.md","","2136","","4780DC8BC8BF95F20A19E895EF0B7C67E09E241B24689C629D373E3EFA1D5B24","","Authored for this release (documentation, config, or test scaffolding) -- not present in the original project."
"GENERATED","","docs\ENVIRONMENT_NOTES.md","","2920","","49F47975B27F757C625370A876B54052DCB2CAA4BF71D685D5E7DB6A86F9CFA8","","Authored for this release (documentation, config, or test scaffolding) -- not present in the original project."
"GENERATED","","docs\PIPELINE.md","","2401","","606373A80F4DBC6A86841B55D261A74542814A959FF882AB04A6DFB01A12670D","","Documents exactly what this release can and cannot independently verify against the manuscript's reported numbers -- see docs/REPRODUCIBILITY_LIMITATIONS.md."
"GENERATED","","docs\REPRODUCIBILITY_LIMITATIONS.md","","18398","","66D2E89017FFE1A8C04E772CDEB7A4C68ACC904853E52DC5FDC7219D3AE069F6","","Documents exactly what this release can and cannot independently verify against the manuscript's reported numbers -- see docs/REPRODUCIBILITY_LIMITATIONS.md."
"GENERATED","","models\README.md","","1932","","31E971010455EED0E1018261B58F4516C588D6A89F6CE6AD4D14B21B40EE5366","","Authored for this release (documentation, config, or test scaffolding) -- not present in the original project."
"GENERATED","","requirements.txt","","2596","","31A84F8D2D19EAA62750EFB3F0558734BF9B78A317C92A9BBE00D02D446EEA11","","Reconstructed/updated for this release; see RELEASE_NOTES.md / docs/CODE_CHANGES.md."
"GENERATED","","results\README.md","","12005","","6811E58462645EEDF2E0E698B933E8F45E8ABFBCE49C71E8D03E2277DF29BA5D","","Documents exactly what this release can and cannot independently verify against the manuscript's reported numbers -- see docs/REPRODUCIBILITY_LIMITATIONS.md."
"GENERATED","","src\baseline\README.md","","740","","07BA16400F7B8B82555C053676CF6A006A784C0C27F6EC8658CAB563124629F2","","Authored for this release (documentation, config, or test scaffolding) -- not present in the original project."
"GENERATED","","src\evaluation\README.md","","903","","E79A8EEE4FA54CA0F712F2933749B6F7E5A1C65ED0D79ADE76070F4541D3F7EE","","Authored for this release (documentation, config, or test scaffolding) -- not present in the original project."
"GENERATED","","tests\smoke_test.py","","2894","","40A7C4E9412A0E843193E8B0EEE7EB9148FB7A6DDC890C406BC8E1578E2F8FBD","","Authored for this release (documentation, config, or test scaffolding) -- not present in the original project."
"GENERATED","","tests\test_preprocessing_output_contract.py","","4026","","13AA9F1590A56D89159FC0985CB0CD3AB5404A660DC46418829586812D23609F","","Authored for this release. See RELEASE_NOTES.md / docs/CODE_CHANGES.md."
